water,snow,ground
water,snow,straw
water,snow,chocolate
water,snow,port
water,snow,foot
water,snow,mine
water,snow,engine
water,snow,rabbit
water,snow,organ
water,snow,skyscraper
water,snow,bark
water,snow,egypt
water,snow,undertaker
water,snow,glove
water,snow,seal
water,snow,circle
water,snow,scale
water,snow,bugle
water,snow,nail
water,snow,queen
water,snow,shop
water,snow,europe
water,snow,nut
water,snow,ground
water,snow,straw
water,snow,chocolate
water,snow,port
water,snow,foot
water,snow,mine
water,snow,engine
water,snow,rabbit
water,snow,organ
water,snow,skyscraper
water,snow,bark
water,snow,egypt
water,snow,undertaker
water,snow,glove
water,snow,seal
water,snow,circle
water,snow,scale
water,snow,bugle
water,snow,nail
water,snow,queen
water,snow,shop
water,snow,europe
water,snow,nut
inside,foot,ground
inside,foot,circle
inside,foot,seal
inside,foot,nail
inside,foot,bark
inside,foot,glove
inside,foot,straw
inside,foot,chocolate
inside,foot,shop
inside,foot,skyscraper
inside,foot,nut
inside,foot,engine
inside,foot,organ
inside,foot,mine
inside,foot,rabbit
inside,foot,bugle
inside,foot,queen
inside,foot,egypt
inside,foot,scale
inside,foot,port
inside,foot,undertaker
inside,foot,europe
inside,foot,circle
inside,foot,seal
inside,foot,nail
inside,foot,bark
inside,foot,glove
inside,foot,straw
inside,foot,chocolate
inside,foot,shop
inside,foot,skyscraper
inside,foot,nut
inside,foot,engine
inside,foot,organ
inside,foot,mine
inside,foot,rabbit
inside,foot,bugle
inside,foot,queen
inside,foot,egypt
inside,foot,scale
inside,foot,port
inside,foot,undertaker
inside,foot,europe
cream,chocolate,nut
cream,chocolate,straw
cream,chocolate,queen
cream,chocolate,glove
cream,chocolate,bark
cream,chocolate,nail
cream,chocolate,circle
cream,chocolate,europe
cream,chocolate,rabbit
cream,chocolate,seal
cream,chocolate,undertaker
cream,chocolate,skyscraper
cream,chocolate,shop
cream,chocolate,bugle
cream,chocolate,engine
cream,chocolate,organ
cream,chocolate,scale
cream,chocolate,egypt
cream,chocolate,port
cream,chocolate,mine
asia,europe,egypt
asia,europe,port
asia,europe,rabbit
asia,europe,bark
asia,europe,circle
asia,europe,skyscraper
asia,europe,nut
asia,europe,queen
asia,europe,engine
asia,europe,shop
asia,europe,scale
asia,europe,seal
asia,europe,straw
asia,europe,glove
asia,europe,undertaker
asia,europe,organ
asia,europe,bugle
asia,europe,nail
asia,europe,mine
knife,nail,nut
knife,nail,straw
knife,nail,undertaker
knife,nail,queen
knife,nail,scale
knife,nail,bugle
knife,nail,skyscraper
knife,nail,organ
knife,nail,engine
knife,nail,port
knife,nail,seal
knife,nail,circle
knife,nail,mine
knife,nail,egypt
drum,bugle,organ
drum,bugle,circle
drum,bugle,engine
drum,bugle,seal
drum,bugle,straw
drum,bugle,undertaker
drum,bugle,queen
drum,bugle,scale
drum,bugle,nut
drum,bugle,port
drum,bugle,skyscraper
drum,bugle,egypt
drum,bugle,mine
